{"count":1,"self":2722.0559872,"total":6271.0610971,"children":{"InitializeActuators":{"count":15532,"self":0.5011642,"total":0.5011642,"children":null},"InitializeSensors":{"count":15532,"self":13.489951999999999,"total":13.4899518,"children":null},"AgentSendState":{"count":590967,"self":32.162553599999995,"total":2041.3224934999998,"children":{"CollectObservations":{"count":409775,"self":968.6410239999999,"total":968.64103419999992,"children":null},"CollectDiscreteActionMasks":{"count":409775,"self":2.7866572,"total":2.7866573,"children":null},"RequestDecision":{"count":409775,"self":12.6330872,"total":1037.7322486,"children":{"AgentInfo.ToProto":{"count":409775,"self":7.3363632,"total":1025.0991611,"children":{"GenerateSensorData":{"count":409775,"self":37.932704,"total":1017.7627974999999,"children":{"CameraSensor.GetCompressedObservation":{"count":409775,"self":979.83006719999992,"total":979.83009399999992,"children":null}}}}}}}}},"DecideAction":{"count":590967,"self":1402.4372223999999,"total":1402.4372102999998,"children":null},"AgentAct":{"count":590967,"self":44.1086944,"total":44.1086933,"children":null},"AgentInfo.ToProto":{"count":15520,"self":0.3490009,"total":47.145502199999996,"children":{"GenerateSensorData":{"count":15520,"self":1.4256259999999998,"total":46.796501299999996,"children":{"CameraSensor.GetCompressedObservation":{"count":15520,"self":45.3708768,"total":45.370875299999994,"children":null}}}}}},"gauges":{"Tetromino.CumulativeReward":{"count":15520,"max":5.700001,"min":-1.2,"runningAverage":2.4700017,"value":3.299998,"weightedAverage":3.547278}},"metadata":{"timer_format_version":"0.1.0","start_time_seconds":"1609993284","unity_version":"2019.4.9f1","command_line_arguments":"C:\\Program Files\\Unity\\Hub\\Editor\\2019.4.9f1\\Editor\\Unity.exe -projectpath D:\/User\/Downloads\/CUHK\/FYP\/Virtual_AI_Assistant -useHub -hubIPC -cloudEnvironment production -hubSessionId b2f2a380-5094-11eb-8389-75813950ceff -accessToken ZaKeTd_eu1H0qBGuKLzOkA3Xxx4ZK7el_so3HLt__Lc011f","communication_protocol_version":"1.2.0","com.unity.ml-agents_version":"1.5.0-preview","scene_name":"Map","end_time_seconds":"1609999555"}}