{"count":1,"self":1855.696896,"total":5291.9936974,"children":{"InitializeActuators":{"count":31611,"self":1.0249116,"total":1.0249116,"children":null},"InitializeSensors":{"count":31611,"self":24.207894399999997,"total":24.2078946,"children":null},"AgentSendState":{"count":682101,"self":34.597324799999996,"total":1509.8658509,"children":{"CollectObservations":{"count":459251,"self":231.619328,"total":231.61931539999998,"children":null},"CollectDiscreteActionMasks":{"count":459251,"self":3.3011664,"total":3.3011662999999998,"children":null},"RequestDecision":{"count":459251,"self":14.023156799999999,"total":1240.3480436999998,"children":{"AgentInfo.ToProto":{"count":459251,"self":8.7539112,"total":1226.3248870999998,"children":{"GenerateSensorData":{"count":459251,"self":41.928774399999995,"total":1217.5709762,"children":{"CameraSensor.GetCompressedObservation":{"count":459251,"self":1175.6422144,"total":1175.6422032,"children":null}}}}}}}}},"DecideAction":{"count":682101,"self":1792.165888,"total":1792.1659461,"children":null},"AgentAct":{"count":682101,"self":7.7506128,"total":7.7506129999999995,"children":null},"AgentInfo.ToProto":{"count":31599,"self":0.601088,"total":101.1656289,"children":{"GenerateSensorData":{"count":31599,"self":2.6377471999999997,"total":100.5645409,"children":{"CameraSensor.GetCompressedObservation":{"count":31599,"self":97.926796799999991,"total":97.92679369999999,"children":null}}}}}},"gauges":{"Tetromino.CumulativeReward":{"count":31349,"max":21.8999977,"min":-18,"runningAverage":13.690033,"value":21.5,"weightedAverage":13.5349245}},"metadata":{"timer_format_version":"0.1.0","start_time_seconds":"1612347807","unity_version":"2019.4.9f1","command_line_arguments":"C:\\Program Files\\Unity\\Hub\\Editor\\2019.4.9f1\\Editor\\Unity.exe -projectpath D:\/User\/Downloads\/CUHK\/FYP\/Virtual_AI_Assistant -useHub -hubIPC -cloudEnvironment production -hubSessionId c9a7bc40-65f8-11eb-acdb-37718f83119d -accessToken Rfd5RRhkp4aXOuRzrTgB4t21-qnKTHiWNcdSnsg2Xqc011f","communication_protocol_version":"1.2.0","com.unity.ml-agents_version":"1.5.0-preview","scene_name":"TetrisBattleTrainingScene","end_time_seconds":"1612353086"}}