{"count":1,"self":4518.9046272,"total":7251.0180296,"children":{"InitializeActuators":{"count":58391,"self":1.7756527999999998,"total":1.7756528999999999,"children":null},"InitializeSensors":{"count":58391,"self":2.2169043999999998,"total":2.2169045,"children":null},"AgentSendState":{"count":1104033,"self":41.26656,"total":775.8625958,"children":{"CollectObservations":{"count":729633,"self":681.6171008,"total":681.617114,"children":null},"CollectDiscreteActionMasks":{"count":729633,"self":4.2283944,"total":4.2283944,"children":null},"RequestDecision":{"count":729633,"self":21.335620799999997,"total":48.7505275,"children":{"AgentInfo.ToProto":{"count":729633,"self":9.8406071999999991,"total":27.414907099999997,"children":{"GenerateSensorData":{"count":729633,"self":17.5742992,"total":17.5742999,"children":null}}}}}}},"DecideAction":{"count":1104033,"self":1449.8696192,"total":1449.8696584,"children":null},"AgentAct":{"count":1104033,"self":499.69812479999996,"total":499.69813039999997,"children":null},"AgentInfo.ToProto":{"count":58379,"self":1.0560924999999999,"total":2.6904822,"children":{"GenerateSensorData":{"count":58379,"self":1.6343896999999998,"total":1.6343896999999998,"children":null}}}},"gauges":{"Tetromino.CumulativeReward":{"count":58379,"max":22,"min":-27,"runningAverage":-1.901637,"value":9.5,"weightedAverage":7.257308}},"metadata":{"timer_format_version":"0.1.0","start_time_seconds":"1614062875","unity_version":"2019.4.9f1","command_line_arguments":"C:\\Program Files\\Unity\\Hub\\Editor\\2019.4.9f1\\Editor\\Unity.exe -projectpath D:\/User\/Downloads\/CUHK\/FYP\/Virtual_AI_Assistant -useHub -hubIPC -cloudEnvironment production -hubSessionId 62f1e3b0-7582-11eb-8ad1-1ffc992ff696 -accessToken _DW5umUsVgeO2iKDMUikrHLyWw6aEFzZ7Yhqc55RFWA011f","communication_protocol_version":"1.2.0","com.unity.ml-agents_version":"1.5.0-preview","scene_name":"TrafficAndDirections","end_time_seconds":"1614070126"}}