{"count":1,"self":216.68741119999999,"total":2217.6105955,"children":{"InitializeActuators":{"count":927,"self":0.0270135,"total":0.0270135,"children":null},"InitializeSensors":{"count":927,"self":0.0560375,"total":0.0560375,"children":null},"AgentSendState":{"count":77767,"self":36.2156064,"total":96.0571545,"children":{"CollectObservations":{"count":933204,"self":9.521955199999999,"total":9.5219554,"children":null},"CollectDiscreteActionMasks":{"count":933204,"self":3.7166052,"total":3.7166053,"children":null},"RequestDecision":{"count":933204,"self":19.381884799999998,"total":46.6029875,"children":{"AgentInfo.ToProto":{"count":933204,"self":10.745248799999999,"total":27.221101899999997,"children":{"GenerateSensorData":{"count":933204,"self":16.4758528,"total":16.4758534,"children":null}}}}}}},"DecideAction":{"count":77767,"self":1833.421824,"total":1833.4217302999998,"children":null},"AgentAct":{"count":77767,"self":69.9345472,"total":71.315243999999993,"children":{"AgentInfo.ToProto":{"count":11771,"self":0.24792599999999998,"total":0.5798258,"children":{"GenerateSensorData":{"count":11771,"self":0.33189979999999997,"total":0.33189979999999997,"children":null}}},"InitializeActuators":{"count":11613,"self":0.3448907,"total":0.3448907,"children":null},"InitializeSensors":{"count":11613,"self":0.45598279999999997,"total":0.45598279999999997,"children":null}}},"AgentInfo.ToProto":{"count":757,"self":0.0099972999999999989,"total":0.0430158,"children":{"GenerateSensorData":{"count":757,"self":0.0330185,"total":0.0330185,"children":null}}}},"gauges":{"TetrominoAgent.CumulativeReward":{"count":12528,"max":0.840000033,"min":-41.3596764,"runningAverage":-0.109826826,"value":-0.171428621,"weightedAverage":-0.0505909957}},"metadata":{"timer_format_version":"0.1.0","start_time_seconds":"1603769127","unity_version":"2019.4.9f1","command_line_arguments":"C:\\Program Files\\Unity\\Hub\\Editor\\2019.4.9f1\\Editor\\Unity.exe -projectpath D:\/User\/Downloads\/CUHK\/FYP\/Virtual_AI_Assistant -useHub -hubIPC -cloudEnvironment production -hubSessionId fabafe70-17f4-11eb-bf55-0bae0afe6e49 -accessToken CuHuHeuWaQIJJj-J8XHcGcEJzGCpt6ysUeachTWihT8011f","communication_protocol_version":"1.2.0","com.unity.ml-agents_version":"1.5.0-preview","scene_name":"TrainingScene","end_time_seconds":"1603771344"}}